Image,Class
18.png,Preview Tiles Small Fragmented tissue
19.png,Preview Tiles Small Fragmented tissue
20.png,Preview Tiles Small Fragmented tissue
21.png,Preview Tiles Small Fragmented tissue
22.png,Preview Tiles Small Fragmented tissue
23.png,Preview Tiles Small Fragmented tissue
261.png,Preview Tiles Small Fragmented tissue
262.png,Preview Tiles Small Fragmented tissue
263.png,Preview Tiles Small Fragmented tissue
264.png,Preview Tiles Small Fragmented tissue
265.png,Preview Tiles Small Fragmented tissue
266.png,Preview Tiles Small Fragmented tissue
267.png,Preview Tiles Small Fragmented tissue
268.png,Preview Tiles Small Fragmented tissue
269.png,Preview Tiles Small Fragmented tissue
270.png,Preview Tiles Small Fragmented tissue
271.png,Preview Tiles Small Fragmented tissue
272.png,Preview Tiles Small Fragmented tissue
60.png,Preview Tiles Small Fragmented tissue
61.png,Preview Tiles Small Fragmented tissue
62.png,Preview Tiles Small Fragmented tissue
63.png,Preview Tiles Small Fragmented tissue
64.png,Preview Tiles Small Fragmented tissue
65.png,Preview Tiles Small Fragmented tissue
66.png,Preview Tiles Small Fragmented tissue
67.png,Preview Tiles Small Fragmented tissue
68.png,Preview Tiles Small Fragmented tissue
689.png,Preview Tiles Small Fragmented tissue
69.png,Preview Tiles Small Fragmented tissue
70.png,Preview Tiles Small Fragmented tissue
703.png,Preview Tiles Small Fragmented tissue
704.png,Preview Tiles Small Fragmented tissue
708.png,Preview Tiles Small Fragmented tissue
709.png,Preview Tiles Small Fragmented tissue
71.png,Preview Tiles Small Fragmented tissue
710.png,Preview Tiles Small Fragmented tissue
711.png,Preview Tiles Small Fragmented tissue
714.png,Preview Tiles Small Fragmented tissue
715.png,Preview Tiles Small Fragmented tissue
716.png,Preview Tiles Small Fragmented tissue
717.png,Preview Tiles Small Fragmented tissue
72.png,Preview Tiles Small Fragmented tissue
720.png,Preview Tiles Small Fragmented tissue
721.png,Preview Tiles Small Fragmented tissue
722.png,Preview Tiles Small Fragmented tissue
723.png,Preview Tiles Small Fragmented tissue
73.png,Preview Tiles Small Fragmented tissue
732.png,Preview Tiles Small Fragmented tissue
733.png,Preview Tiles Small Fragmented tissue
734.png,Preview Tiles Small Fragmented tissue
735.png,Preview Tiles Small Fragmented tissue
736.png,Preview Tiles Small Fragmented tissue
737.png,Preview Tiles Small Fragmented tissue
738.png,Preview Tiles Small Fragmented tissue
739.png,Preview Tiles Small Fragmented tissue
74.png,Preview Tiles Small Fragmented tissue
740.png,Preview Tiles Small Fragmented tissue
741.png,Preview Tiles Small Fragmented tissue
742.png,Preview Tiles Small Fragmented tissue
743.png,Preview Tiles Small Fragmented tissue
744.png,Preview Tiles Small Fragmented tissue
745.png,Preview Tiles Small Fragmented tissue
746.png,Preview Tiles Small Fragmented tissue
747.png,Preview Tiles Small Fragmented tissue
75.png,Preview Tiles Small Fragmented tissue
763.png,Preview Tiles Small Fragmented tissue
764.png,Preview Tiles Small Fragmented tissue
765.png,Preview Tiles Small Fragmented tissue
766.png,Preview Tiles Small Fragmented tissue
767.png,Preview Tiles Small Fragmented tissue
768.png,Preview Tiles Small Fragmented tissue
778.png,Preview Tiles Small Fragmented tissue
779.png,Preview Tiles Small Fragmented tissue
78.png,Preview Tiles Small Fragmented tissue
780.png,Preview Tiles Small Fragmented tissue
781.png,Preview Tiles Small Fragmented tissue
782.png,Preview Tiles Small Fragmented tissue
783.png,Preview Tiles Small Fragmented tissue
784.png,Preview Tiles Small Fragmented tissue
785.png,Preview Tiles Small Fragmented tissue
786.png,Preview Tiles Small Fragmented tissue
787.png,Preview Tiles Small Fragmented tissue
788.png,Preview Tiles Small Fragmented tissue
789.png,Preview Tiles Small Fragmented tissue
79.png,Preview Tiles Small Fragmented tissue
790.png,Preview Tiles Small Fragmented tissue
791.png,Preview Tiles Small Fragmented tissue
792.png,Preview Tiles Small Fragmented tissue
793.png,Preview Tiles Small Fragmented tissue
794.png,Preview Tiles Small Fragmented tissue
795.png,Preview Tiles Small Fragmented tissue
796.png,Preview Tiles Small Fragmented tissue
797.png,Preview Tiles Small Fragmented tissue
798.png,Preview Tiles Small Fragmented tissue
799.png,Preview Tiles Small Fragmented tissue
80.png,Preview Tiles Small Fragmented tissue
800.png,Preview Tiles Small Fragmented tissue
801.png,Preview Tiles Small Fragmented tissue
802.png,Preview Tiles Small Fragmented tissue
803.png,Preview Tiles Small Fragmented tissue
804.png,Preview Tiles Small Fragmented tissue
805.png,Preview Tiles Small Fragmented tissue
806.png,Preview Tiles Small Fragmented tissue
807.png,Preview Tiles Small Fragmented tissue
81.png,Preview Tiles Small Fragmented tissue
84.png,Preview Tiles Small Fragmented tissue
85.png,Preview Tiles Small Fragmented tissue
86.png,Preview Tiles Small Fragmented tissue
87.png,Preview Tiles Small Fragmented tissue
1004.png,Preview Tiles Small One Piece Tissue
1005.png,Preview Tiles Small One Piece Tissue
1010.png,Preview Tiles Small One Piece Tissue
1011.png,Preview Tiles Small One Piece Tissue
12.png,Preview Tiles Small One Piece Tissue
13.png,Preview Tiles Small One Piece Tissue
14.png,Preview Tiles Small One Piece Tissue
147.png,Preview Tiles Small One Piece Tissue
148.png,Preview Tiles Small One Piece Tissue
149.png,Preview Tiles Small One Piece Tissue
15.png,Preview Tiles Small One Piece Tissue
150.png,Preview Tiles Small One Piece Tissue
151.png,Preview Tiles Small One Piece Tissue
152.png,Preview Tiles Small One Piece Tissue
16.png,Preview Tiles Small One Piece Tissue
17.png,Preview Tiles Small One Piece Tissue
177.png,Preview Tiles Small One Piece Tissue
178.png,Preview Tiles Small One Piece Tissue
179.png,Preview Tiles Small One Piece Tissue
180.png,Preview Tiles Small One Piece Tissue
181.png,Preview Tiles Small One Piece Tissue
182.png,Preview Tiles Small One Piece Tissue
24.png,Preview Tiles Small One Piece Tissue
25.png,Preview Tiles Small One Piece Tissue
26.png,Preview Tiles Small One Piece Tissue
27.png,Preview Tiles Small One Piece Tissue
28.png,Preview Tiles Small One Piece Tissue
29.png,Preview Tiles Small One Piece Tissue
535.png,Preview Tiles Small One Piece Tissue
536.png,Preview Tiles Small One Piece Tissue
618.png,Preview Tiles Small One Piece Tissue
619.png,Preview Tiles Small One Piece Tissue
620.png,Preview Tiles Small One Piece Tissue
621.png,Preview Tiles Small One Piece Tissue
622.png,Preview Tiles Small One Piece Tissue
623.png,Preview Tiles Small One Piece Tissue
643.png,Preview Tiles Small One Piece Tissue
644.png,Preview Tiles Small One Piece Tissue
645.png,Preview Tiles Small One Piece Tissue
646.png,Preview Tiles Small One Piece Tissue
647.png,Preview Tiles Small One Piece Tissue
648.png,Preview Tiles Small One Piece Tissue
649.png,Preview Tiles Small One Piece Tissue
650.png,Preview Tiles Small One Piece Tissue
651.png,Preview Tiles Small One Piece Tissue
677.png,Preview Tiles Small One Piece Tissue
678.png,Preview Tiles Small One Piece Tissue
679.png,Preview Tiles Small One Piece Tissue
680.png,Preview Tiles Small One Piece Tissue
681.png,Preview Tiles Small One Piece Tissue
682.png,Preview Tiles Small One Piece Tissue
712.png,Preview Tiles Small One Piece Tissue
713.png,Preview Tiles Small One Piece Tissue
718.png,Preview Tiles Small One Piece Tissue
719.png,Preview Tiles Small One Piece Tissue
730.png,Preview Tiles Small One Piece Tissue
731.png,Preview Tiles Small One Piece Tissue
757.png,Preview Tiles Small One Piece Tissue
758.png,Preview Tiles Small One Piece Tissue
759.png,Preview Tiles Small One Piece Tissue
760.png,Preview Tiles Small One Piece Tissue
761.png,Preview Tiles Small One Piece Tissue
762.png,Preview Tiles Small One Piece Tissue
769.png,Preview Tiles Small One Piece Tissue
770.png,Preview Tiles Small One Piece Tissue
771.png,Preview Tiles Small One Piece Tissue
772.png,Preview Tiles Small One Piece Tissue
773.png,Preview Tiles Small One Piece Tissue
774.png,Preview Tiles Small One Piece Tissue
862.png,Preview Tiles Small One Piece Tissue
863.png,Preview Tiles Small One Piece Tissue
864.png,Preview Tiles Small One Piece Tissue
865.png,Preview Tiles Small One Piece Tissue
866.png,Preview Tiles Small One Piece Tissue
867.png,Preview Tiles Small One Piece Tissue
889.png,Preview Tiles Small One Piece Tissue
890.png,Preview Tiles Small One Piece Tissue
891.png,Preview Tiles Small One Piece Tissue
892.png,Preview Tiles Small One Piece Tissue
893.png,Preview Tiles Small One Piece Tissue
894.png,Preview Tiles Small One Piece Tissue
958.png,Preview Tiles Small One Piece Tissue
959.png,Preview Tiles Small One Piece Tissue
967.png,Preview Tiles Small One Piece Tissue
968.png,Preview Tiles Small One Piece Tissue
969.png,Preview Tiles Small One Piece Tissue
970.png,Preview Tiles Small One Piece Tissue
971.png,Preview Tiles Small One Piece Tissue
972.png,Preview Tiles Small One Piece Tissue
985.png,Preview Tiles Small One Piece Tissue
986.png,Preview Tiles Small One Piece Tissue
987.png,Preview Tiles Small One Piece Tissue
988.png,Preview Tiles Small One Piece Tissue
989.png,Preview Tiles Small One Piece Tissue
990.png,Preview Tiles Small One Piece Tissue
998.png,Preview Tiles Small One Piece Tissue
999.png,Preview Tiles Small One Piece Tissue
1012.png,Preview Tiles with No Tissue
1013.png,Preview Tiles with No Tissue
1014.png,Preview Tiles with No Tissue
120.png,Preview Tiles with No Tissue
121.png,Preview Tiles with No Tissue
122.png,Preview Tiles with No Tissue
258.png,Preview Tiles with No Tissue
259.png,Preview Tiles with No Tissue
260.png,Preview Tiles with No Tissue
285.png,Preview Tiles with No Tissue
286.png,Preview Tiles with No Tissue
287.png,Preview Tiles with No Tissue
312.png,Preview Tiles with No Tissue
313.png,Preview Tiles with No Tissue
314.png,Preview Tiles with No Tissue
315.png,Preview Tiles with No Tissue
316.png,Preview Tiles with No Tissue
317.png,Preview Tiles with No Tissue
342.png,Preview Tiles with No Tissue
343.png,Preview Tiles with No Tissue
344.png,Preview Tiles with No Tissue
366.png,Preview Tiles with No Tissue
367.png,Preview Tiles with No Tissue
368.png,Preview Tiles with No Tissue
369.png,Preview Tiles with No Tissue
370.png,Preview Tiles with No Tissue
371.png,Preview Tiles with No Tissue
420.png,Preview Tiles with No Tissue
421.png,Preview Tiles with No Tissue
422.png,Preview Tiles with No Tissue
423.png,Preview Tiles with No Tissue
424.png,Preview Tiles with No Tissue
425.png,Preview Tiles with No Tissue
504.png,Preview Tiles with No Tissue
505.png,Preview Tiles with No Tissue
506.png,Preview Tiles with No Tissue
591.png,Preview Tiles with No Tissue
592.png,Preview Tiles with No Tissue
593.png,Preview Tiles with No Tissue
652.png,Preview Tiles with No Tissue
707.png,Preview Tiles with No Tissue
724.png,Preview Tiles with No Tissue
725.png,Preview Tiles with No Tissue
726.png,Preview Tiles with No Tissue
727.png,Preview Tiles with No Tissue
728.png,Preview Tiles with No Tissue
729.png,Preview Tiles with No Tissue
748.png,Preview Tiles with No Tissue
749.png,Preview Tiles with No Tissue
750.png,Preview Tiles with No Tissue
751.png,Preview Tiles with No Tissue
752.png,Preview Tiles with No Tissue
753.png,Preview Tiles with No Tissue
754.png,Preview Tiles with No Tissue
755.png,Preview Tiles with No Tissue
756.png,Preview Tiles with No Tissue
775.png,Preview Tiles with No Tissue
776.png,Preview Tiles with No Tissue
777.png,Preview Tiles with No Tissue
856.png,Preview Tiles with No Tissue
857.png,Preview Tiles with No Tissue
858.png,Preview Tiles with No Tissue
859.png,Preview Tiles with No Tissue
860.png,Preview Tiles with No Tissue
861.png,Preview Tiles with No Tissue
886.png,Preview Tiles with No Tissue
887.png,Preview Tiles with No Tissue
888.png,Preview Tiles with No Tissue
913.png,Preview Tiles with No Tissue
914.png,Preview Tiles with No Tissue
915.png,Preview Tiles with No Tissue
916.png,Preview Tiles with No Tissue
917.png,Preview Tiles with No Tissue
918.png,Preview Tiles with No Tissue
937.png,Preview Tiles with No Tissue
938.png,Preview Tiles with No Tissue
939.png,Preview Tiles with No Tissue
940.png,Preview Tiles with No Tissue
941.png,Preview Tiles with No Tissue
942.png,Preview Tiles with No Tissue
943.png,Preview Tiles with No Tissue
944.png,Preview Tiles with No Tissue
945.png,Preview Tiles with No Tissue
964.png,Preview Tiles with No Tissue
965.png,Preview Tiles with No Tissue
966.png,Preview Tiles with No Tissue
991.png,Preview Tiles with No Tissue
992.png,Preview Tiles with No Tissue
993.png,Preview Tiles with No Tissue
159.png,Preview Tiles with Some Faint Tissue
160.png,Preview Tiles with Some Faint Tissue
161.png,Preview Tiles with Some Faint Tissue
162.png,Preview Tiles with Some Faint Tissue
163.png,Preview Tiles with Some Faint Tissue
164.png,Preview Tiles with Some Faint Tissue
190.png,Preview Tiles with Some Faint Tissue
192.png,Preview Tiles with Some Faint Tissue
193.png,Preview Tiles with Some Faint Tissue
194.png,Preview Tiles with Some Faint Tissue
195.png,Preview Tiles with Some Faint Tissue
196.png,Preview Tiles with Some Faint Tissue
197.png,Preview Tiles with Some Faint Tissue
198.png,Preview Tiles with Some Faint Tissue
199.png,Preview Tiles with Some Faint Tissue
200.png,Preview Tiles with Some Faint Tissue
201.png,Preview Tiles with Some Faint Tissue
202.png,Preview Tiles with Some Faint Tissue
203.png,Preview Tiles with Some Faint Tissue
204.png,Preview Tiles with Some Faint Tissue
205.png,Preview Tiles with Some Faint Tissue
206.png,Preview Tiles with Some Faint Tissue
221.png,Preview Tiles with Some Faint Tissue
222.png,Preview Tiles with Some Faint Tissue
223.png,Preview Tiles with Some Faint Tissue
224.png,Preview Tiles with Some Faint Tissue
30.png,Preview Tiles with Some Faint Tissue
31.png,Preview Tiles with Some Faint Tissue
318.png,Preview Tiles with Some Faint Tissue
319.png,Preview Tiles with Some Faint Tissue
32.png,Preview Tiles with Some Faint Tissue
320.png,Preview Tiles with Some Faint Tissue
321.png,Preview Tiles with Some Faint Tissue
322.png,Preview Tiles with Some Faint Tissue
323.png,Preview Tiles with Some Faint Tissue
324.png,Preview Tiles with Some Faint Tissue
325.png,Preview Tiles with Some Faint Tissue
326.png,Preview Tiles with Some Faint Tissue
327.png,Preview Tiles with Some Faint Tissue
328.png,Preview Tiles with Some Faint Tissue
329.png,Preview Tiles with Some Faint Tissue
33.png,Preview Tiles with Some Faint Tissue
330.png,Preview Tiles with Some Faint Tissue
331.png,Preview Tiles with Some Faint Tissue
332.png,Preview Tiles with Some Faint Tissue
333.png,Preview Tiles with Some Faint Tissue
334.png,Preview Tiles with Some Faint Tissue
335.png,Preview Tiles with Some Faint Tissue
34.png,Preview Tiles with Some Faint Tissue
345.png,Preview Tiles with Some Faint Tissue
346.png,Preview Tiles with Some Faint Tissue
347.png,Preview Tiles with Some Faint Tissue
348.png,Preview Tiles with Some Faint Tissue
35.png,Preview Tiles with Some Faint Tissue
351.png,Preview Tiles with Some Faint Tissue
352.png,Preview Tiles with Some Faint Tissue
353.png,Preview Tiles with Some Faint Tissue
354.png,Preview Tiles with Some Faint Tissue
36.png,Preview Tiles with Some Faint Tissue
37.png,Preview Tiles with Some Faint Tissue
372.png,Preview Tiles with Some Faint Tissue
373.png,Preview Tiles with Some Faint Tissue
374.png,Preview Tiles with Some Faint Tissue
375.png,Preview Tiles with Some Faint Tissue
38.png,Preview Tiles with Some Faint Tissue
39.png,Preview Tiles with Some Faint Tissue
40.png,Preview Tiles with Some Faint Tissue
41.png,Preview Tiles with Some Faint Tissue
42.png,Preview Tiles with Some Faint Tissue
426.png,Preview Tiles with Some Faint Tissue
427.png,Preview Tiles with Some Faint Tissue
428.png,Preview Tiles with Some Faint Tissue
429.png,Preview Tiles with Some Faint Tissue
43.png,Preview Tiles with Some Faint Tissue
430.png,Preview Tiles with Some Faint Tissue
431.png,Preview Tiles with Some Faint Tissue
44.png,Preview Tiles with Some Faint Tissue
45.png,Preview Tiles with Some Faint Tissue
537.png,Preview Tiles with Some Faint Tissue
538.png,Preview Tiles with Some Faint Tissue
539.png,Preview Tiles with Some Faint Tissue
540.png,Preview Tiles with Some Faint Tissue
541.png,Preview Tiles with Some Faint Tissue
542.png,Preview Tiles with Some Faint Tissue
543.png,Preview Tiles with Some Faint Tissue
544.png,Preview Tiles with Some Faint Tissue
545.png,Preview Tiles with Some Faint Tissue
546.png,Preview Tiles with Some Faint Tissue
547.png,Preview Tiles with Some Faint Tissue
548.png,Preview Tiles with Some Faint Tissue
567.png,Preview Tiles with Some Faint Tissue
568.png,Preview Tiles with Some Faint Tissue
569.png,Preview Tiles with Some Faint Tissue
570.png,Preview Tiles with Some Faint Tissue
573.png,Preview Tiles with Some Faint Tissue
574.png,Preview Tiles with Some Faint Tissue
575.png,Preview Tiles with Some Faint Tissue
576.png,Preview Tiles with Some Faint Tissue
577.png,Preview Tiles with Some Faint Tissue
578.png,Preview Tiles with Some Faint Tissue
579.png,Preview Tiles with Some Faint Tissue
580.png,Preview Tiles with Some Faint Tissue
581.png,Preview Tiles with Some Faint Tissue
582.png,Preview Tiles with Some Faint Tissue
583.png,Preview Tiles with Some Faint Tissue
584.png,Preview Tiles with Some Faint Tissue
585.png,Preview Tiles with Some Faint Tissue
586.png,Preview Tiles with Some Faint Tissue
587.png,Preview Tiles with Some Faint Tissue
588.png,Preview Tiles with Some Faint Tissue
589.png,Preview Tiles with Some Faint Tissue
590.png,Preview Tiles with Some Faint Tissue
624.png,Preview Tiles with Some Faint Tissue
625.png,Preview Tiles with Some Faint Tissue
626.png,Preview Tiles with Some Faint Tissue
627.png,Preview Tiles with Some Faint Tissue
630.png,Preview Tiles with Some Faint Tissue
631.png,Preview Tiles with Some Faint Tissue
632.png,Preview Tiles with Some Faint Tissue
633.png,Preview Tiles with Some Faint Tissue
636.png,Preview Tiles with Some Faint Tissue
637.png,Preview Tiles with Some Faint Tissue
638.png,Preview Tiles with Some Faint Tissue
639.png,Preview Tiles with Some Faint Tissue
641.png,Preview Tiles with Some Faint Tissue
135.png,Preview Tiles_Faint Tissue
141.png,Preview Tiles_Faint Tissue
142.png,Preview Tiles_Faint Tissue
143.png,Preview Tiles_Faint Tissue
144.png,Preview Tiles_Faint Tissue
145.png,Preview Tiles_Faint Tissue
146.png,Preview Tiles_Faint Tissue
165.png,Preview Tiles_Faint Tissue
166.png,Preview Tiles_Faint Tissue
167.png,Preview Tiles_Faint Tissue
168.png,Preview Tiles_Faint Tissue
169.png,Preview Tiles_Faint Tissue
170.png,Preview Tiles_Faint Tissue
172.png,Preview Tiles_Faint Tissue
173.png,Preview Tiles_Faint Tissue
174.png,Preview Tiles_Faint Tissue
175.png,Preview Tiles_Faint Tissue
176.png,Preview Tiles_Faint Tissue
213.png,Preview Tiles_Faint Tissue
214.png,Preview Tiles_Faint Tissue
215.png,Preview Tiles_Faint Tissue
216.png,Preview Tiles_Faint Tissue
217.png,Preview Tiles_Faint Tissue
218.png,Preview Tiles_Faint Tissue
219.png,Preview Tiles_Faint Tissue
220.png,Preview Tiles_Faint Tissue
231.png,Preview Tiles_Faint Tissue
232.png,Preview Tiles_Faint Tissue
233.png,Preview Tiles_Faint Tissue
234.png,Preview Tiles_Faint Tissue
235.png,Preview Tiles_Faint Tissue
236.png,Preview Tiles_Faint Tissue
237.png,Preview Tiles_Faint Tissue
238.png,Preview Tiles_Faint Tissue
239.png,Preview Tiles_Faint Tissue
240.png,Preview Tiles_Faint Tissue
241.png,Preview Tiles_Faint Tissue
242.png,Preview Tiles_Faint Tissue
243.png,Preview Tiles_Faint Tissue
244.png,Preview Tiles_Faint Tissue
245.png,Preview Tiles_Faint Tissue
246.png,Preview Tiles_Faint Tissue
247.png,Preview Tiles_Faint Tissue
248.png,Preview Tiles_Faint Tissue
288.png,Preview Tiles_Faint Tissue
289.png,Preview Tiles_Faint Tissue
290.png,Preview Tiles_Faint Tissue
291.png,Preview Tiles_Faint Tissue
292.png,Preview Tiles_Faint Tissue
293.png,Preview Tiles_Faint Tissue
294.png,Preview Tiles_Faint Tissue
295.png,Preview Tiles_Faint Tissue
296.png,Preview Tiles_Faint Tissue
297.png,Preview Tiles_Faint Tissue
298.png,Preview Tiles_Faint Tissue
299.png,Preview Tiles_Faint Tissue
349.png,Preview Tiles_Faint Tissue
350.png,Preview Tiles_Faint Tissue
355.png,Preview Tiles_Faint Tissue
356.png,Preview Tiles_Faint Tissue
376.png,Preview Tiles_Faint Tissue
377.png,Preview Tiles_Faint Tissue
390.png,Preview Tiles_Faint Tissue
391.png,Preview Tiles_Faint Tissue
392.png,Preview Tiles_Faint Tissue
393.png,Preview Tiles_Faint Tissue
394.png,Preview Tiles_Faint Tissue
395.png,Preview Tiles_Faint Tissue
444.png,Preview Tiles_Faint Tissue
445.png,Preview Tiles_Faint Tissue
446.png,Preview Tiles_Faint Tissue
447.png,Preview Tiles_Faint Tissue
448.png,Preview Tiles_Faint Tissue
449.png,Preview Tiles_Faint Tissue
474.png,Preview Tiles_Faint Tissue
475.png,Preview Tiles_Faint Tissue
476.png,Preview Tiles_Faint Tissue
477.png,Preview Tiles_Faint Tissue
478.png,Preview Tiles_Faint Tissue
479.png,Preview Tiles_Faint Tissue
480.png,Preview Tiles_Faint Tissue
481.png,Preview Tiles_Faint Tissue
482.png,Preview Tiles_Faint Tissue
483.png,Preview Tiles_Faint Tissue
484.png,Preview Tiles_Faint Tissue
485.png,Preview Tiles_Faint Tissue
486.png,Preview Tiles_Faint Tissue
487.png,Preview Tiles_Faint Tissue
488.png,Preview Tiles_Faint Tissue
489.png,Preview Tiles_Faint Tissue
490.png,Preview Tiles_Faint Tissue
491.png,Preview Tiles_Faint Tissue
492.png,Preview Tiles_Faint Tissue
493.png,Preview Tiles_Faint Tissue
494.png,Preview Tiles_Faint Tissue
495.png,Preview Tiles_Faint Tissue
496.png,Preview Tiles_Faint Tissue
497.png,Preview Tiles_Faint Tissue
498.png,Preview Tiles_Faint Tissue
499.png,Preview Tiles_Faint Tissue
500.png,Preview Tiles_Faint Tissue
501.png,Preview Tiles_Faint Tissue
502.png,Preview Tiles_Faint Tissue
503.png,Preview Tiles_Faint Tissue
554.png,Preview Tiles_Faint Tissue
561.png,Preview Tiles_Faint Tissue
562.png,Preview Tiles_Faint Tissue
563.png,Preview Tiles_Faint Tissue
564.png,Preview Tiles_Faint Tissue
565.png,Preview Tiles_Faint Tissue
566.png,Preview Tiles_Faint Tissue
642.png,Preview Tiles_Faint Tissue
683.png,Preview Tiles_Faint Tissue
684.png,Preview Tiles_Faint Tissue
685.png,Preview Tiles_Faint Tissue
686.png,Preview Tiles_Faint Tissue
687.png,Preview Tiles_Faint Tissue
688.png,Preview Tiles_Faint Tissue
705.png,Preview Tiles_Faint Tissue
706.png,Preview Tiles_Faint Tissue
0.png,Preview Tiles_Ink Marks
1.png,Preview Tiles_Ink Marks
10.png,Preview Tiles_Ink Marks
11.png,Preview Tiles_Ink Marks
2.png,Preview Tiles_Ink Marks
225.png,Preview Tiles_Ink Marks
226.png,Preview Tiles_Ink Marks
227.png,Preview Tiles_Ink Marks
228.png,Preview Tiles_Ink Marks
229.png,Preview Tiles_Ink Marks
230.png,Preview Tiles_Ink Marks
249.png,Preview Tiles_Ink Marks
250.png,Preview Tiles_Ink Marks
251.png,Preview Tiles_Ink Marks
252.png,Preview Tiles_Ink Marks
253.png,Preview Tiles_Ink Marks
254.png,Preview Tiles_Ink Marks
255.png,Preview Tiles_Ink Marks
256.png,Preview Tiles_Ink Marks
257.png,Preview Tiles_Ink Marks
273.png,Preview Tiles_Ink Marks
274.png,Preview Tiles_Ink Marks
275.png,Preview Tiles_Ink Marks
276.png,Preview Tiles_Ink Marks
277.png,Preview Tiles_Ink Marks
278.png,Preview Tiles_Ink Marks
279.png,Preview Tiles_Ink Marks
280.png,Preview Tiles_Ink Marks
281.png,Preview Tiles_Ink Marks
282.png,Preview Tiles_Ink Marks
283.png,Preview Tiles_Ink Marks
284.png,Preview Tiles_Ink Marks
3.png,Preview Tiles_Ink Marks
300.png,Preview Tiles_Ink Marks
301.png,Preview Tiles_Ink Marks
302.png,Preview Tiles_Ink Marks
303.png,Preview Tiles_Ink Marks
304.png,Preview Tiles_Ink Marks
305.png,Preview Tiles_Ink Marks
306.png,Preview Tiles_Ink Marks
307.png,Preview Tiles_Ink Marks
308.png,Preview Tiles_Ink Marks
309.png,Preview Tiles_Ink Marks
310.png,Preview Tiles_Ink Marks
311.png,Preview Tiles_Ink Marks
336.png,Preview Tiles_Ink Marks
337.png,Preview Tiles_Ink Marks
338.png,Preview Tiles_Ink Marks
339.png,Preview Tiles_Ink Marks
340.png,Preview Tiles_Ink Marks
341.png,Preview Tiles_Ink Marks
357.png,Preview Tiles_Ink Marks
358.png,Preview Tiles_Ink Marks
359.png,Preview Tiles_Ink Marks
360.png,Preview Tiles_Ink Marks
361.png,Preview Tiles_Ink Marks
362.png,Preview Tiles_Ink Marks
363.png,Preview Tiles_Ink Marks
364.png,Preview Tiles_Ink Marks
365.png,Preview Tiles_Ink Marks
378.png,Preview Tiles_Ink Marks
379.png,Preview Tiles_Ink Marks
380.png,Preview Tiles_Ink Marks
381.png,Preview Tiles_Ink Marks
382.png,Preview Tiles_Ink Marks
383.png,Preview Tiles_Ink Marks
384.png,Preview Tiles_Ink Marks
385.png,Preview Tiles_Ink Marks
386.png,Preview Tiles_Ink Marks
387.png,Preview Tiles_Ink Marks
388.png,Preview Tiles_Ink Marks
389.png,Preview Tiles_Ink Marks
4.png,Preview Tiles_Ink Marks
432.png,Preview Tiles_Ink Marks
433.png,Preview Tiles_Ink Marks
434.png,Preview Tiles_Ink Marks
435.png,Preview Tiles_Ink Marks
436.png,Preview Tiles_Ink Marks
437.png,Preview Tiles_Ink Marks
438.png,Preview Tiles_Ink Marks
439.png,Preview Tiles_Ink Marks
440.png,Preview Tiles_Ink Marks
441.png,Preview Tiles_Ink Marks
442.png,Preview Tiles_Ink Marks
443.png,Preview Tiles_Ink Marks
450.png,Preview Tiles_Ink Marks
451.png,Preview Tiles_Ink Marks
452.png,Preview Tiles_Ink Marks
453.png,Preview Tiles_Ink Marks
454.png,Preview Tiles_Ink Marks
455.png,Preview Tiles_Ink Marks
456.png,Preview Tiles_Ink Marks
457.png,Preview Tiles_Ink Marks
458.png,Preview Tiles_Ink Marks
459.png,Preview Tiles_Ink Marks
460.png,Preview Tiles_Ink Marks
461.png,Preview Tiles_Ink Marks
462.png,Preview Tiles_Ink Marks
463.png,Preview Tiles_Ink Marks
464.png,Preview Tiles_Ink Marks
465.png,Preview Tiles_Ink Marks
466.png,Preview Tiles_Ink Marks
467.png,Preview Tiles_Ink Marks
468.png,Preview Tiles_Ink Marks
469.png,Preview Tiles_Ink Marks
470.png,Preview Tiles_Ink Marks
471.png,Preview Tiles_Ink Marks
472.png,Preview Tiles_Ink Marks
473.png,Preview Tiles_Ink Marks
5.png,Preview Tiles_Ink Marks
6.png,Preview Tiles_Ink Marks
671.png,Preview Tiles_Ink Marks
672.png,Preview Tiles_Ink Marks
673.png,Preview Tiles_Ink Marks
674.png,Preview Tiles_Ink Marks
675.png,Preview Tiles_Ink Marks
676.png,Preview Tiles_Ink Marks
7.png,Preview Tiles_Ink Marks
8.png,Preview Tiles_Ink Marks
9.png,Preview Tiles_Ink Marks
901.png,Preview Tiles_Ink Marks
902.png,Preview Tiles_Ink Marks
903.png,Preview Tiles_Ink Marks
904.png,Preview Tiles_Ink Marks
905.png,Preview Tiles_Ink Marks
906.png,Preview Tiles_Ink Marks
907.png,Preview Tiles_Ink Marks
908.png,Preview Tiles_Ink Marks
909.png,Preview Tiles_Ink Marks
910.png,Preview Tiles_Ink Marks
911.png,Preview Tiles_Ink Marks
912.png,Preview Tiles_Ink Marks
948.png,Preview Tiles_Ink Marks
949.png,Preview Tiles_Ink Marks
950.png,Preview Tiles_Ink Marks
951.png,Preview Tiles_Ink Marks
954.png,Preview Tiles_Ink Marks
955.png,Preview Tiles_Ink Marks
956.png,Preview Tiles_Ink Marks
957.png,Preview Tiles_Ink Marks
975.png,Preview Tiles_Ink Marks
976.png,Preview Tiles_Ink Marks
977.png,Preview Tiles_Ink Marks
978.png,Preview Tiles_Ink Marks
981.png,Preview Tiles_Ink Marks
982.png,Preview Tiles_Ink Marks
983.png,Preview Tiles_Ink Marks
984.png,Preview Tiles_Ink Marks
100.png,Preview Tiles_Large Solid Tissue
1000.png,Preview Tiles_Large Solid Tissue
1001.png,Preview Tiles_Large Solid Tissue
1002.png,Preview Tiles_Large Solid Tissue
1003.png,Preview Tiles_Large Solid Tissue
1006.png,Preview Tiles_Large Solid Tissue
1007.png,Preview Tiles_Large Solid Tissue
1008.png,Preview Tiles_Large Solid Tissue
1009.png,Preview Tiles_Large Solid Tissue
101.png,Preview Tiles_Large Solid Tissue
1015.png,Preview Tiles_Large Solid Tissue
1016.png,Preview Tiles_Large Solid Tissue
1017.png,Preview Tiles_Large Solid Tissue
1018.png,Preview Tiles_Large Solid Tissue
1019.png,Preview Tiles_Large Solid Tissue
102.png,Preview Tiles_Large Solid Tissue
1020.png,Preview Tiles_Large Solid Tissue
103.png,Preview Tiles_Large Solid Tissue
104.png,Preview Tiles_Large Solid Tissue
105.png,Preview Tiles_Large Solid Tissue
106.png,Preview Tiles_Large Solid Tissue
107.png,Preview Tiles_Large Solid Tissue
108.png,Preview Tiles_Large Solid Tissue
109.png,Preview Tiles_Large Solid Tissue
110.png,Preview Tiles_Large Solid Tissue
111.png,Preview Tiles_Large Solid Tissue
112.png,Preview Tiles_Large Solid Tissue
113.png,Preview Tiles_Large Solid Tissue
114.png,Preview Tiles_Large Solid Tissue
115.png,Preview Tiles_Large Solid Tissue
116.png,Preview Tiles_Large Solid Tissue
117.png,Preview Tiles_Large Solid Tissue
118.png,Preview Tiles_Large Solid Tissue
119.png,Preview Tiles_Large Solid Tissue
123.png,Preview Tiles_Large Solid Tissue
124.png,Preview Tiles_Large Solid Tissue
125.png,Preview Tiles_Large Solid Tissue
126.png,Preview Tiles_Large Solid Tissue
127.png,Preview Tiles_Large Solid Tissue
128.png,Preview Tiles_Large Solid Tissue
129.png,Preview Tiles_Large Solid Tissue
130.png,Preview Tiles_Large Solid Tissue
131.png,Preview Tiles_Large Solid Tissue
132.png,Preview Tiles_Large Solid Tissue
133.png,Preview Tiles_Large Solid Tissue
134.png,Preview Tiles_Large Solid Tissue
136.png,Preview Tiles_Large Solid Tissue
137.png,Preview Tiles_Large Solid Tissue
138.png,Preview Tiles_Large Solid Tissue
139.png,Preview Tiles_Large Solid Tissue
140.png,Preview Tiles_Large Solid Tissue
153.png,Preview Tiles_Large Solid Tissue
154.png,Preview Tiles_Large Solid Tissue
155.png,Preview Tiles_Large Solid Tissue
156.png,Preview Tiles_Large Solid Tissue
157.png,Preview Tiles_Large Solid Tissue
158.png,Preview Tiles_Large Solid Tissue
183.png,Preview Tiles_Large Solid Tissue
184.png,Preview Tiles_Large Solid Tissue
185.png,Preview Tiles_Large Solid Tissue
186.png,Preview Tiles_Large Solid Tissue
187.png,Preview Tiles_Large Solid Tissue
188.png,Preview Tiles_Large Solid Tissue
189.png,Preview Tiles_Large Solid Tissue
191.png,Preview Tiles_Large Solid Tissue
396.png,Preview Tiles_Large Solid Tissue
397.png,Preview Tiles_Large Solid Tissue
398.png,Preview Tiles_Large Solid Tissue
399.png,Preview Tiles_Large Solid Tissue
400.png,Preview Tiles_Large Solid Tissue
401.png,Preview Tiles_Large Solid Tissue
402.png,Preview Tiles_Large Solid Tissue
403.png,Preview Tiles_Large Solid Tissue
404.png,Preview Tiles_Large Solid Tissue
405.png,Preview Tiles_Large Solid Tissue
406.png,Preview Tiles_Large Solid Tissue
407.png,Preview Tiles_Large Solid Tissue
408.png,Preview Tiles_Large Solid Tissue
409.png,Preview Tiles_Large Solid Tissue
410.png,Preview Tiles_Large Solid Tissue
411.png,Preview Tiles_Large Solid Tissue
412.png,Preview Tiles_Large Solid Tissue
413.png,Preview Tiles_Large Solid Tissue
414.png,Preview Tiles_Large Solid Tissue
415.png,Preview Tiles_Large Solid Tissue
416.png,Preview Tiles_Large Solid Tissue
417.png,Preview Tiles_Large Solid Tissue
418.png,Preview Tiles_Large Solid Tissue
419.png,Preview Tiles_Large Solid Tissue
46.png,Preview Tiles_Large Solid Tissue
47.png,Preview Tiles_Large Solid Tissue
48.png,Preview Tiles_Large Solid Tissue
49.png,Preview Tiles_Large Solid Tissue
50.png,Preview Tiles_Large Solid Tissue
507.png,Preview Tiles_Large Solid Tissue
508.png,Preview Tiles_Large Solid Tissue
509.png,Preview Tiles_Large Solid Tissue
51.png,Preview Tiles_Large Solid Tissue
510.png,Preview Tiles_Large Solid Tissue
511.png,Preview Tiles_Large Solid Tissue
512.png,Preview Tiles_Large Solid Tissue
513.png,Preview Tiles_Large Solid Tissue
514.png,Preview Tiles_Large Solid Tissue
515.png,Preview Tiles_Large Solid Tissue
516.png,Preview Tiles_Large Solid Tissue
517.png,Preview Tiles_Large Solid Tissue
518.png,Preview Tiles_Large Solid Tissue
519.png,Preview Tiles_Large Solid Tissue
52.png,Preview Tiles_Large Solid Tissue
520.png,Preview Tiles_Large Solid Tissue
521.png,Preview Tiles_Large Solid Tissue
522.png,Preview Tiles_Large Solid Tissue
523.png,Preview Tiles_Large Solid Tissue
524.png,Preview Tiles_Large Solid Tissue
525.png,Preview Tiles_Large Solid Tissue
526.png,Preview Tiles_Large Solid Tissue
527.png,Preview Tiles_Large Solid Tissue
528.png,Preview Tiles_Large Solid Tissue
529.png,Preview Tiles_Large Solid Tissue
53.png,Preview Tiles_Large Solid Tissue
530.png,Preview Tiles_Large Solid Tissue
531.png,Preview Tiles_Large Solid Tissue
532.png,Preview Tiles_Large Solid Tissue
533.png,Preview Tiles_Large Solid Tissue
534.png,Preview Tiles_Large Solid Tissue
54.png,Preview Tiles_Large Solid Tissue
549.png,Preview Tiles_Large Solid Tissue
55.png,Preview Tiles_Large Solid Tissue
550.png,Preview Tiles_Large Solid Tissue
551.png,Preview Tiles_Large Solid Tissue
552.png,Preview Tiles_Large Solid Tissue
553.png,Preview Tiles_Large Solid Tissue
555.png,Preview Tiles_Large Solid Tissue
556.png,Preview Tiles_Large Solid Tissue
557.png,Preview Tiles_Large Solid Tissue
558.png,Preview Tiles_Large Solid Tissue
559.png,Preview Tiles_Large Solid Tissue
56.png,Preview Tiles_Large Solid Tissue
560.png,Preview Tiles_Large Solid Tissue
57.png,Preview Tiles_Large Solid Tissue
571.png,Preview Tiles_Large Solid Tissue
572.png,Preview Tiles_Large Solid Tissue
58.png,Preview Tiles_Large Solid Tissue
59.png,Preview Tiles_Large Solid Tissue
594.png,Preview Tiles_Large Solid Tissue
595.png,Preview Tiles_Large Solid Tissue
596.png,Preview Tiles_Large Solid Tissue
597.png,Preview Tiles_Large Solid Tissue
598.png,Preview Tiles_Large Solid Tissue
599.png,Preview Tiles_Large Solid Tissue
600.png,Preview Tiles_Large Solid Tissue
601.png,Preview Tiles_Large Solid Tissue
602.png,Preview Tiles_Large Solid Tissue
603.png,Preview Tiles_Large Solid Tissue
604.png,Preview Tiles_Large Solid Tissue
605.png,Preview Tiles_Large Solid Tissue
606.png,Preview Tiles_Large Solid Tissue
607.png,Preview Tiles_Large Solid Tissue
608.png,Preview Tiles_Large Solid Tissue
609.png,Preview Tiles_Large Solid Tissue
610.png,Preview Tiles_Large Solid Tissue
611.png,Preview Tiles_Large Solid Tissue
612.png,Preview Tiles_Large Solid Tissue
613.png,Preview Tiles_Large Solid Tissue
614.png,Preview Tiles_Large Solid Tissue
615.png,Preview Tiles_Large Solid Tissue
616.png,Preview Tiles_Large Solid Tissue
617.png,Preview Tiles_Large Solid Tissue
628.png,Preview Tiles_Large Solid Tissue
629.png,Preview Tiles_Large Solid Tissue
634.png,Preview Tiles_Large Solid Tissue
635.png,Preview Tiles_Large Solid Tissue
640.png,Preview Tiles_Large Solid Tissue
653.png,Preview Tiles_Large Solid Tissue
654.png,Preview Tiles_Large Solid Tissue
655.png,Preview Tiles_Large Solid Tissue
656.png,Preview Tiles_Large Solid Tissue
657.png,Preview Tiles_Large Solid Tissue
658.png,Preview Tiles_Large Solid Tissue
659.png,Preview Tiles_Large Solid Tissue
660.png,Preview Tiles_Large Solid Tissue
661.png,Preview Tiles_Large Solid Tissue
662.png,Preview Tiles_Large Solid Tissue
663.png,Preview Tiles_Large Solid Tissue
664.png,Preview Tiles_Large Solid Tissue
665.png,Preview Tiles_Large Solid Tissue
666.png,Preview Tiles_Large Solid Tissue
667.png,Preview Tiles_Large Solid Tissue
668.png,Preview Tiles_Large Solid Tissue
669.png,Preview Tiles_Large Solid Tissue
670.png,Preview Tiles_Large Solid Tissue
808.png,Preview Tiles_Large Solid Tissue
809.png,Preview Tiles_Large Solid Tissue
810.png,Preview Tiles_Large Solid Tissue
811.png,Preview Tiles_Large Solid Tissue
812.png,Preview Tiles_Large Solid Tissue
813.png,Preview Tiles_Large Solid Tissue
814.png,Preview Tiles_Large Solid Tissue
815.png,Preview Tiles_Large Solid Tissue
816.png,Preview Tiles_Large Solid Tissue
817.png,Preview Tiles_Large Solid Tissue
818.png,Preview Tiles_Large Solid Tissue
819.png,Preview Tiles_Large Solid Tissue
820.png,Preview Tiles_Large Solid Tissue
821.png,Preview Tiles_Large Solid Tissue
822.png,Preview Tiles_Large Solid Tissue
823.png,Preview Tiles_Large Solid Tissue
824.png,Preview Tiles_Large Solid Tissue
825.png,Preview Tiles_Large Solid Tissue
826.png,Preview Tiles_Large Solid Tissue
827.png,Preview Tiles_Large Solid Tissue
828.png,Preview Tiles_Large Solid Tissue
829.png,Preview Tiles_Large Solid Tissue
830.png,Preview Tiles_Large Solid Tissue
831.png,Preview Tiles_Large Solid Tissue
832.png,Preview Tiles_Large Solid Tissue
833.png,Preview Tiles_Large Solid Tissue
834.png,Preview Tiles_Large Solid Tissue
835.png,Preview Tiles_Large Solid Tissue
836.png,Preview Tiles_Large Solid Tissue
837.png,Preview Tiles_Large Solid Tissue
838.png,Preview Tiles_Large Solid Tissue
839.png,Preview Tiles_Large Solid Tissue
840.png,Preview Tiles_Large Solid Tissue
841.png,Preview Tiles_Large Solid Tissue
842.png,Preview Tiles_Large Solid Tissue
843.png,Preview Tiles_Large Solid Tissue
844.png,Preview Tiles_Large Solid Tissue
845.png,Preview Tiles_Large Solid Tissue
846.png,Preview Tiles_Large Solid Tissue
847.png,Preview Tiles_Large Solid Tissue
848.png,Preview Tiles_Large Solid Tissue
849.png,Preview Tiles_Large Solid Tissue
850.png,Preview Tiles_Large Solid Tissue
851.png,Preview Tiles_Large Solid Tissue
852.png,Preview Tiles_Large Solid Tissue
853.png,Preview Tiles_Large Solid Tissue
854.png,Preview Tiles_Large Solid Tissue
855.png,Preview Tiles_Large Solid Tissue
868.png,Preview Tiles_Large Solid Tissue
869.png,Preview Tiles_Large Solid Tissue
870.png,Preview Tiles_Large Solid Tissue
871.png,Preview Tiles_Large Solid Tissue
872.png,Preview Tiles_Large Solid Tissue
873.png,Preview Tiles_Large Solid Tissue
874.png,Preview Tiles_Large Solid Tissue
875.png,Preview Tiles_Large Solid Tissue
876.png,Preview Tiles_Large Solid Tissue
877.png,Preview Tiles_Large Solid Tissue
878.png,Preview Tiles_Large Solid Tissue
879.png,Preview Tiles_Large Solid Tissue
880.png,Preview Tiles_Large Solid Tissue
881.png,Preview Tiles_Large Solid Tissue
882.png,Preview Tiles_Large Solid Tissue
883.png,Preview Tiles_Large Solid Tissue
884.png,Preview Tiles_Large Solid Tissue
885.png,Preview Tiles_Large Solid Tissue
895.png,Preview Tiles_Large Solid Tissue
896.png,Preview Tiles_Large Solid Tissue
897.png,Preview Tiles_Large Solid Tissue
898.png,Preview Tiles_Large Solid Tissue
899.png,Preview Tiles_Large Solid Tissue
90.png,Preview Tiles_Large Solid Tissue
900.png,Preview Tiles_Large Solid Tissue
91.png,Preview Tiles_Large Solid Tissue
919.png,Preview Tiles_Large Solid Tissue
92.png,Preview Tiles_Large Solid Tissue
920.png,Preview Tiles_Large Solid Tissue
921.png,Preview Tiles_Large Solid Tissue
922.png,Preview Tiles_Large Solid Tissue
923.png,Preview Tiles_Large Solid Tissue
924.png,Preview Tiles_Large Solid Tissue
925.png,Preview Tiles_Large Solid Tissue
926.png,Preview Tiles_Large Solid Tissue
927.png,Preview Tiles_Large Solid Tissue
928.png,Preview Tiles_Large Solid Tissue
929.png,Preview Tiles_Large Solid Tissue
93.png,Preview Tiles_Large Solid Tissue
930.png,Preview Tiles_Large Solid Tissue
931.png,Preview Tiles_Large Solid Tissue
932.png,Preview Tiles_Large Solid Tissue
933.png,Preview Tiles_Large Solid Tissue
934.png,Preview Tiles_Large Solid Tissue
935.png,Preview Tiles_Large Solid Tissue
936.png,Preview Tiles_Large Solid Tissue
94.png,Preview Tiles_Large Solid Tissue
946.png,Preview Tiles_Large Solid Tissue
947.png,Preview Tiles_Large Solid Tissue
95.png,Preview Tiles_Large Solid Tissue
952.png,Preview Tiles_Large Solid Tissue
953.png,Preview Tiles_Large Solid Tissue
96.png,Preview Tiles_Large Solid Tissue
960.png,Preview Tiles_Large Solid Tissue
961.png,Preview Tiles_Large Solid Tissue
962.png,Preview Tiles_Large Solid Tissue
963.png,Preview Tiles_Large Solid Tissue
97.png,Preview Tiles_Large Solid Tissue
973.png,Preview Tiles_Large Solid Tissue
974.png,Preview Tiles_Large Solid Tissue
979.png,Preview Tiles_Large Solid Tissue
98.png,Preview Tiles_Large Solid Tissue
980.png,Preview Tiles_Large Solid Tissue
99.png,Preview Tiles_Large Solid Tissue
994.png,Preview Tiles_Large Solid Tissue
995.png,Preview Tiles_Large Solid Tissue
996.png,Preview Tiles_Large Solid Tissue
997.png,Preview Tiles_Large Solid Tissue
